Name,Birthdate,Gender,Location,UID,Last_online
Mason,29-10-1988,male,"(52.39588767186492, 13.365014743998971)",17cec5d3-ce9a-4e79-9849-d7990ddad53a,2023-07-30 17:19:33
Kevin,23-12-1994,male,"(52.47522473177956, 13.093020032856428)",bafa23e1-718d-441b-beb4-3001bf638004,2023-08-02 14:33:54
Kara,06-09-1999,female,"(52.589913166183, 13.417328856361644)",b07f8d33-08f7-485d-9d0d-c479ab182009,2023-08-03 13:12:15
Ralph,07-02-1983,male,"(52.554527864825545, 13.05292533197107)",7a892c5c-cd1c-4835-abda-533f16e19467,2023-07-30 13:02:00
Monique,24-04-1992,female,"(52.464700459490274, 13.35561985571164)",f1f7352d-c0e3-46b5-b523-c3e6626d9cfb,2023-08-02 12:35:17
Eric,09-04-1990,male,"(52.54714200467134, 13.740395593354844)",6a0c5d73-1917-4935-90b7-7caaeafc4181,2023-08-02 10:51:43
Mariah,13-04-1995,other,"(52.6383736292421, 13.601422619242081)",422d6cb3-b140-4e7c-9965-4404ef15d44a,2023-07-28 17:01:41
Justin,02-07-1984,male,"(52.437045635986955, 13.568026694869866)",ef828a9b-a2c4-4967-b717-f198507e7314,2023-07-30 11:53:36
Martha,28-07-1980,other,"(52.41680048075558, 13.51354008722603)",22a84dbc-45fb-4391-9775-ea86fb018a38,2023-08-03 07:26:20
Brittany,28-04-1991,other,"(52.637802995244215, 13.743769855492241)",65f697f9-00ec-4308-9749-776d4a685602,2023-07-28 04:28:29
Timothy,06-12-1979,male,"(52.4244029185093, 13.187310163461333)",481b247f-07ee-4800-9926-b58da82dcb5c,2023-08-02 08:38:25
Gregory,06-12-1990,male,"(52.42044882164969, 13.321373619224035)",8db3c3d9-5e75-4be2-a286-5565352e807e,2023-08-02 16:40:45
Thomas,12-08-1991,other,"(52.65242127398884, 13.077682644184778)",46e01745-11a6-44f5-8e11-a85e238e6da9,2023-08-01 07:07:37
Crystal,07-07-1974,female,"(52.405721396659644, 13.076081651461989)",c53f8889-4c5c-4db2-aae2-c280f77a5ad9,2023-07-30 20:45:54
Robert,14-08-2004,other,"(52.413372545768006, 13.446488854979904)",8b6f03c6-0752-4b71-828e-dc5534f97d07,2023-07-29 01:54:59
Andrew,26-01-1987,male,"(52.66346671775533, 13.753593857439151)",8f93b0ac-2519-41df-9528-4c9eb85535d9,2023-08-02 19:27:53
Ryan,08-09-1990,other,"(52.60647122373153, 13.742285538177773)",a816f7c5-cc68-454b-9da3-cbf1a062d760,2023-08-02 16:58:37
Carl,30-08-1996,other,"(52.59912662605011, 13.048854621622391)",6bfba2f1-f62d-4bc7-8a85-18b59fbb2569,2023-07-28 16:40:38
Brian,03-01-2005,male,"(52.648020612361314, 13.117739869089947)",61dd2c7c-f36c-4c40-9c39-80094c53b3c3,2023-08-01 09:28:01
Stuart,27-03-1989,other,"(52.66629061019963, 13.716594335278634)",d9fbca65-57bd-493b-a57e-e045a7a016e9,2023-08-02 17:52:33
Brooke,26-10-1987,other,"(52.48520327904257, 13.245784772239775)",d6fb7932-f7fb-4ec4-939c-71d4e88f8551,2023-07-28 15:28:21
Mariah,17-06-1975,female,"(52.61101043275175, 13.3108078135673)",d99a1515-aa82-4f92-b122-fca8a6c76b04,2023-07-28 02:25:32
Jacob,22-01-1984,male,"(52.42231258283825, 13.368868959022892)",06e9fd40-4074-4ff4-bbdc-482009904b0e,2023-08-01 16:26:10
Dennis,21-03-1980,other,"(52.56562591172887, 13.719911753159451)",4f1f7f51-3d44-4a8b-ac28-0c3ed23be23c,2023-07-29 00:25:50
Patrick,13-09-1980,male,"(52.42057660984784, 13.22834330411876)",7255c581-2dd9-4f4a-98dd-d4f91379dbe9,2023-07-29 07:12:52
Kathy,05-08-1998,other,"(52.66543193270931, 13.087998689914242)",537462e0-623e-4482-84cf-f3b0b93e2bd1,2023-07-28 04:56:47
Trevor,23-02-1998,male,"(52.511880400836894, 13.494734820352221)",7e5decad-9308-4a5f-8c68-9d285733330a,2023-08-01 01:04:44
John,24-11-1975,other,"(52.50914131137565, 13.095219080460684)",435752d3-e873-4b60-ac66-7761f03fdfb5,2023-07-30 14:50:49
George,30-03-1975,other,"(52.66945180081354, 13.198322878067989)",1211df60-c118-4d63-b401-97b3d21bc911,2023-08-02 04:17:17
Robert,21-10-1988,male,"(52.580433137713264, 13.491152809755913)",0f5fbb6c-64b4-4602-acd7-d5a8c1c7aaa7,2023-08-03 06:38:44
Shannon,25-01-1997,female,"(52.44792728548243, 13.220811972366691)",167d4984-eecc-4ff4-a01c-96a9fea71a0e,2023-08-01 00:53:09
Ryan,23-05-1995,male,"(52.38448563251768, 13.126867626404396)",df39bed2-d876-4de3-b524-07f8bb39bcf7,2023-07-29 15:12:55
Angela,02-04-1995,female,"(52.41931081573767, 13.408782997721957)",21a10ed6-88a4-4d70-9f36-e049a0cd8ee2,2023-07-29 13:55:29
Carl,01-03-1994,male,"(52.62602707286913, 13.709011839514401)",8215068d-259e-41a7-8975-5ca163411da9,2023-07-28 21:55:14
Billy,08-09-1980,other,"(52.379820812586324, 13.14292931911765)",664c6dd2-5303-4e59-b623-806bd92722c1,2023-07-27 22:48:33
Thomas,08-04-1979,male,"(52.662293793998515, 13.222402464396295)",1fe1f376-9687-4ac3-b967-5b979a4105d6,2023-08-03 09:04:21
Jamie,08-08-1983,male,"(52.60921066751296, 13.376000205477325)",32fb23fb-26ca-4143-a066-83bdc15e9294,2023-07-31 05:24:05
Matthew,08-06-1987,male,"(52.62777653849099, 13.203754112044548)",c513a3cb-73e8-450d-93ac-5c3b6a09993a,2023-07-31 00:40:26
Andrea,27-10-1974,female,"(52.57667161810031, 13.244339148097414)",9033c61d-4a5a-40f5-8fed-a6f52c6063e9,2023-08-01 20:13:42
Nicole,10-10-1979,female,"(52.46102810470197, 13.13662507515096)",b773d9b6-95a0-4b47-ae1d-a698b6bb6aba,2023-07-30 12:49:52
Rebecca,17-10-1977,female,"(52.60899829470737, 13.197549130649799)",81213d5e-9584-4dd5-b296-7857c66728cb,2023-07-31 22:23:23
Emily,06-11-1998,female,"(52.655809335414375, 13.56583070672139)",efe1cbc5-d585-4cb0-ac58-7edb44d2e2ff,2023-08-02 22:08:15
Craig,25-05-1994,male,"(52.67184533631678, 13.45586515981315)",291af8bd-6b88-4956-8a7e-9def0f640f6d,2023-07-31 12:43:56
Matthew,27-09-1984,male,"(52.62178514844993, 13.71948523341159)",a84e07bf-b779-4716-af63-13d4cea32488,2023-07-30 06:01:32
Tyler,25-03-1992,male,"(52.570967023792434, 13.745717444022162)",e849ece6-3e21-4801-a580-a9db927997e6,2023-07-29 05:24:59
Ashley,19-07-2000,female,"(52.572605088153864, 13.703543623743062)",f3b15738-a986-402a-95f0-d436067314e3,2023-07-29 14:17:36
Paula,22-09-1977,female,"(52.381979367224694, 13.526906083861308)",6d593546-44bd-4ed5-9c04-5e92c3a753f6,2023-07-29 10:59:17
Ryan,22-04-1991,male,"(52.37966716704012, 13.342121459795294)",ba31c614-e765-495a-8121-a2182f1b8bf0,2023-07-31 02:56:27
Kara,08-11-1998,female,"(52.54771818459429, 13.345389929083913)",08e759bc-fc5d-43a8-a16f-5a614f0efad3,2023-08-02 19:49:40
Carol,09-05-1999,other,"(52.62717585039596, 13.418577723645283)",cf65025a-8460-424a-835f-c71029d9497b,2023-07-29 08:30:55
David,26-07-1981,male,"(52.633312783818134, 13.52613674575687)",baa8460d-e297-4988-ac52-9920bc743a46,2023-07-31 12:44:29
Kyle,19-08-1985,other,"(52.43968553846648, 13.31379263277077)",ae160dd1-2134-4f51-a7f2-da9ff23e5c18,2023-07-29 20:34:37
Jennifer,01-03-1990,female,"(52.57314861255139, 13.287463461188514)",9e2c6399-27c2-4350-b9f0-17b3f35b7d92,2023-08-01 02:48:20
Tammy,15-07-2005,female,"(52.42981739228301, 13.745509574740392)",6b707cc6-f143-40b1-94f1-34991185dd87,2023-08-03 06:20:24
Henry,25-04-2005,other,"(52.40577880653757, 13.093164593967302)",de16f3e1-a5a8-498b-b421-ccd49078c2c8,2023-08-01 12:56:08
Julie,30-11-1980,female,"(52.48483758296673, 13.52576599024619)",2a21a4ea-b054-43ef-8b5d-807191aeb1a5,2023-07-30 01:35:00
Pamela,14-08-1984,female,"(52.476941447192786, 13.34874794014761)",adf3c75f-5653-4fe7-af17-5f932438b6b1,2023-07-28 00:00:40
Rebecca,04-04-1991,female,"(52.49846875079042, 13.208306642175213)",0709491d-c50f-425e-ad61-c7629544eaa2,2023-07-28 10:50:43
Lindsey,25-03-2003,female,"(52.59028582522925, 13.50875091990202)",c158c271-fe84-43d2-970b-d1e5d2005f47,2023-07-28 00:12:17
Brenda,24-02-1984,female,"(52.51792227740585, 13.613767899343989)",dd5d216a-2df0-4a59-a335-07be66baec35,2023-07-30 18:05:46
Diane,16-03-2003,female,"(52.66236285812366, 13.058350800629308)",1dfa2996-9888-4b68-ae83-dd421914df90,2023-07-30 04:56:30
Paige,28-08-2002,other,"(52.40730590260703, 13.594647758293439)",e1c2f44a-62ca-479b-988b-39afa77d9c25,2023-07-30 12:26:50
Thomas,01-01-1994,male,"(52.663306533876664, 13.445029148832038)",9137bb1d-882e-4bf3-a644-e41f1954fc3f,2023-07-31 10:52:54
Christina,20-07-1976,female,"(52.42639388430854, 13.39788696310622)",22c2dab7-a247-411f-8f88-eeef4cdbd386,2023-08-03 02:05:05
Katherine,25-11-1986,female,"(52.63602590318174, 13.290307424356254)",040707e8-06c4-4c10-b169-087152422323,2023-07-31 02:21:02
Jenny,25-11-1984,female,"(52.5272422438263, 13.75700870987684)",d974ff45-4b4c-4be5-8b6b-043d77a57cc6,2023-07-28 04:08:14
Susan,31-03-1988,female,"(52.52760662229711, 13.569231438485406)",eed5c80e-40b1-46e4-9fb7-37021ce21e12,2023-07-30 11:03:12
William,27-05-1979,male,"(52.626014704385014, 13.555907350644274)",4cf4b324-8abe-4aa2-93e8-8abee7bdf578,2023-07-30 10:04:21
Michael,20-08-1986,male,"(52.51468294401062, 13.28515351173488)",24eb7698-4283-4d8d-a32b-de96e695a024,2023-07-31 14:43:57
Jeffery,28-05-2000,male,"(52.594041455250185, 13.313365624601227)",6fc23e36-ac60-420d-9d68-6f813d271ccc,2023-07-30 06:03:59
Crystal,11-09-1978,other,"(52.53736005522966, 13.71352749925248)",df7895f3-09ce-4cdb-a681-a2ecdaf55ab9,2023-07-28 17:53:22
Mary,06-02-2004,other,"(52.63249623550812, 13.316505934426482)",f17ca22b-975b-48f3-afc8-028fc526269c,2023-08-01 17:21:04
Sean,28-05-1980,other,"(52.61272218617298, 13.697840799604585)",47defcc5-610c-4312-86de-2b3d186f6a64,2023-07-31 19:02:53
David,08-12-1999,male,"(52.43524862477968, 13.734389923379736)",eef36452-0376-46e0-bb5f-b1aa27bb3d30,2023-07-27 21:11:15
Justin,06-01-1975,male,"(52.60107432892579, 13.409114809853428)",6bffd044-bc78-4c26-9807-c2c5cbd0d59f,2023-07-30 21:55:48
Jaime,30-11-1992,female,"(52.59706230104061, 13.247216262312406)",a16679f5-788c-4ad9-aa9b-d53304e8120b,2023-07-30 18:08:02
Christopher,07-07-1980,other,"(52.420556454239346, 13.563498319256079)",569ab44e-5502-4bf6-aace-f0524adb2fc2,2023-07-28 03:25:43
Tiffany,23-03-2001,female,"(52.391436075952065, 13.4758432615837)",5c6da620-b4d2-4d77-8947-d10b9526bfb3,2023-08-03 03:44:10
Haley,04-05-1996,female,"(52.63917583844964, 13.321658334085317)",7be0702e-387a-46a4-a661-ccc61bbfebbd,2023-07-28 13:40:42
Jessica,05-01-1986,female,"(52.54667944866312, 13.275336238064348)",2ac61273-3c9d-489b-b257-28dde5bd882d,2023-08-01 06:37:42
Kylie,19-03-1984,other,"(52.51470992342167, 13.255125514575482)",9739e548-eb01-44fd-a09d-20019dd4b5f0,2023-07-28 20:14:53
Kevin,14-06-1986,male,"(52.611405749693105, 13.181899076653707)",f8d705e1-44db-464d-8274-914c7127288f,2023-07-29 06:07:10
Austin,14-01-1979,male,"(52.63594061510389, 13.330182558949545)",1f4e0e81-cfd4-4534-bd97-03405e858cbf,2023-07-31 15:22:48
Theresa,03-12-2000,female,"(52.38149232407829, 13.032060758856069)",8e71247a-28a5-423a-9e76-5a8cf87432f4,2023-08-02 16:31:29
Laura,08-08-2004,female,"(52.63555146577656, 13.516916473602334)",d33fbddc-6b6e-4e41-9b5c-e830c80dbb88,2023-07-28 13:13:11
Monica,15-12-1991,female,"(52.61488124938639, 13.410616743323713)",661eec09-3feb-4d61-ad4a-d01e0d5c85ba,2023-07-30 15:27:42
Richard,14-10-1987,male,"(52.496525162818244, 13.117658595871882)",05432079-b358-4aa3-9293-f6a86280027c,2023-07-28 02:48:43
James,20-03-1978,male,"(52.47224541247985, 13.465142424061257)",03c90827-2199-496b-9977-b5cf33d9aff5,2023-07-28 04:58:13
Robert,02-01-2002,male,"(52.62796764287477, 13.7024248558226)",aa0d5745-c9cf-491a-a267-95a17da4c971,2023-07-30 03:38:16
Megan,21-02-1976,female,"(52.58919859964934, 13.623107752864522)",74ced26f-7aa9-4142-ae1a-35c8db753b16,2023-07-30 20:22:29
Daniel,20-06-1984,male,"(52.457737296125835, 13.294993432981133)",246f7e4e-f132-47f1-a9f7-2412add9a277,2023-08-01 04:16:12
Robert,13-12-1974,male,"(52.44446171298802, 13.417946214428374)",ef3ee969-4db3-47bc-9c13-603a0e8bb268,2023-07-31 06:12:51
Jordan,28-10-1975,male,"(52.407573238967494, 13.088974593198754)",c3a26d7b-da41-4ee6-9647-c1741caf3d82,2023-07-28 02:57:27
Kristen,07-09-2001,female,"(52.55371674926939, 13.050056383551205)",9cbaaf8f-a402-44db-b91a-d961f7ac653e,2023-08-03 03:04:10
Nathan,07-11-2003,male,"(52.48507926291534, 13.274737305559606)",51ba5c70-9e4c-4142-bc85-dccad9df716f,2023-08-02 04:34:18
Preston,08-08-1985,other,"(52.523694981604024, 13.477620269502308)",95eab6c7-49d8-4e41-bec2-d1e71cdc288d,2023-08-03 00:32:58
Scott,23-03-1975,male,"(52.66474070847845, 13.726485751695453)",d6c2f38c-748e-4a67-b6f2-f3c5b5717d41,2023-07-27 20:01:24
Emily,04-09-1977,other,"(52.51871209708031, 13.042768244983913)",d01615e5-e6db-40b9-9c23-08aaed29d457,2023-08-02 23:40:36
Brittany,16-08-1998,female,"(52.64588828953648, 13.31377319094701)",0c951c86-5b0e-46de-9ead-fe5b19ec2ff3,2023-07-31 17:29:30
Gregory,21-05-1977,male,"(52.48816372628795, 13.23813126043672)",443ce62e-1915-478e-8f9f-7eadaf310a27,2023-07-31 01:08:56
